﻿{
	"name": "GrauBGame",
	"version": "1.0.0.2",
	"description": "Um jogo plataforma tri afudê",
	"id": "com.mahoee",
	"viewport-width": 500,
	"viewport-height": 300,
	"author": "Mahoee",
	"email": "",
	"website": "http://mahoee.com",
	"orientations": "any",
	"c2version": "265",
	"used-plugins": [
		"Audio",
		"Button",
		"Function",
		"Keyboard",
		"ScirraArcadeV4",
		"Sprite",
		"Text",
		"TiledBg",
		"Touch",
		"gamepad"
	],
	"used-behaviors": [
		"EightDir",
		"Platform",
		"jumpthru",
		"scrollto",
		"solid"
	]
}